{
  "config_a": "lite_n1",
  "config_b": "fatcnn_n2",
  "n_paired": 1000,
  "n00_both_wrong": 136,
  "n01_a_wrong_b_right": 120,
  "n10_a_right_b_wrong": 73,
  "n11_both_right": 671,
  "acc_a": 0.744,
  "acc_b": 0.791,
  "chi2_cc": 10.963730569948186,
  "p_chi2_cc": 0.000929125744973309,
  "p_exact_binomial": 0.0008819823006755221
}