{
  "lite_n1": {
    "label": "FatCNN-Lite (N=1)",
    "n_images": 1000,
    "accuracy": 0.744,
    "n_correct": 744,
    "latency": {
      "mean": 1897306.746,
      "std": 7.205373092449925,
      "min": 1897247.0,
      "max": 1897320.0,
      "p50": 1897307.0,
      "p95": 1897316.0,
      "p99": 1897319.01,
      "n": 1000
    },
    "conv1_us": {
      "mean": 602706.103,
      "std": 7.00295883412379,
      "min": 602645.0,
      "max": 602724.0,
      "p50": 602707.0,
      "p95": 602715.0,
      "p99": 602719.0,
      "n": 1000
    },
    "conv2_us": {
      "mean": 637250.477,
      "std": 1.5562431985049423,
      "min": 637243.0,
      "max": 637255.0,
      "p50": 637251.0,
      "p95": 637253.0,
      "p99": 637254.0,
      "n": 1000
    },
    "conv3_us": {
      "mean": 655876.206,
      "std": 2.3898274572184652,
      "min": 655869.0,
      "max": 655908.0,
      "p50": 655876.0,
      "p95": 655879.0,
      "p99": 655880.0,
      "n": 1000
    },
    "dense1_us": {
      "mean": 1356.372,
      "std": 0.8604396296988864,
      "min": 1356.0,
      "max": 1379.0,
      "p50": 1356.0,
      "p95": 1357.0,
      "p99": 1357.0,
      "n": 1000
    },
    "dense2_us": {
      "mean": 111.37,
      "std": 0.49532347546360583,
      "min": 111.0,
      "max": 115.0,
      "p50": 111.0,
      "p95": 112.0,
      "p99": 112.0,
      "n": 1000
    },
    "per_class": {
      "airplane": {
        "total": 103,
        "correct": 87,
        "accuracy": 0.8446601941747572
      },
      "automobile": {
        "total": 89,
        "correct": 74,
        "accuracy": 0.8314606741573034
      },
      "bird": {
        "total": 100,
        "correct": 68,
        "accuracy": 0.68
      },
      "cat": {
        "total": 103,
        "correct": 43,
        "accuracy": 0.4174757281553398
      },
      "deer": {
        "total": 90,
        "correct": 56,
        "accuracy": 0.6222222222222222
      },
      "dog": {
        "total": 86,
        "correct": 65,
        "accuracy": 0.7558139534883721
      },
      "frog": {
        "total": 112,
        "correct": 96,
        "accuracy": 0.8571428571428571
      },
      "horse": {
        "total": 102,
        "correct": 77,
        "accuracy": 0.7549019607843137
      },
      "ship": {
        "total": 106,
        "correct": 85,
        "accuracy": 0.8018867924528302
      },
      "truck": {
        "total": 109,
        "correct": 93,
        "accuracy": 0.8532110091743119
      }
    }
  },
  "fatcnn_n2": {
    "label": "FatCNN (N=2)",
    "n_images": 1000,
    "accuracy": 0.791,
    "n_correct": 791,
    "latency": {
      "mean": 3653019.812,
      "std": 12917.878498482542,
      "min": 3614047.0,
      "max": 3716118.0,
      "p50": 3653284.5,
      "p95": 3673782.1,
      "p99": 3680106.48,
      "n": 1000
    },
    "l1_bcast_us": {
      "mean": 3908.648,
      "std": 43.34409771591522,
      "min": 3692.0,
      "max": 4163.0,
      "p50": 3908.0,
      "p95": 3957.0,
      "p99": 4029.09,
      "n": 1000
    },
    "l1_gather_us": {
      "mean": 758108.442,
      "std": 11565.40561050807,
      "min": 722219.0,
      "max": 796850.0,
      "p50": 758222.5,
      "p95": 776506.1,
      "p99": 782566.32,
      "n": 1000
    },
    "l2_bcast_us": {
      "mean": 105299.262,
      "std": 2163.0774654361035,
      "min": 101436.0,
      "max": 127860.0,
      "p50": 104987.5,
      "p95": 108024.15,
      "p99": 115929.93,
      "n": 1000
    },
    "l2_gather_us": {
      "mean": 1376097.341,
      "std": 3343.375137196995,
      "min": 1367997.0,
      "max": 1404706.0,
      "p50": 1375781.0,
      "p95": 1380875.75,
      "p99": 1386939.31,
      "n": 1000
    },
    "l3_bcast_us": {
      "mean": 13756.686,
      "std": 951.6369193291264,
      "min": 12871.0,
      "max": 23424.0,
      "p50": 13448.0,
      "p95": 15918.0,
      "p99": 17033.899999999998,
      "n": 1000
    },
    "l3_gather_us": {
      "mean": 1353938.143,
      "std": 2103.189800728619,
      "min": 1350638.0,
      "max": 1378243.0,
      "p50": 1354068.0,
      "p95": 1356634.65,
      "p99": 1360845.46,
      "n": 1000
    },
    "per_class": {
      "airplane": {
        "total": 103,
        "correct": 80,
        "accuracy": 0.7766990291262136
      },
      "automobile": {
        "total": 89,
        "correct": 83,
        "accuracy": 0.9325842696629213
      },
      "bird": {
        "total": 100,
        "correct": 81,
        "accuracy": 0.81
      },
      "cat": {
        "total": 103,
        "correct": 62,
        "accuracy": 0.6019417475728155
      },
      "deer": {
        "total": 90,
        "correct": 62,
        "accuracy": 0.6888888888888889
      },
      "dog": {
        "total": 86,
        "correct": 54,
        "accuracy": 0.627906976744186
      },
      "frog": {
        "total": 112,
        "correct": 96,
        "accuracy": 0.8571428571428571
      },
      "horse": {
        "total": 102,
        "correct": 89,
        "accuracy": 0.8725490196078431
      },
      "ship": {
        "total": 106,
        "correct": 88,
        "accuracy": 0.8301886792452831
      },
      "truck": {
        "total": 109,
        "correct": 96,
        "accuracy": 0.8807339449541285
      }
    }
  },
  "fatcnn_n4": {
    "label": "FatCNN (N=4)",
    "n_images": 1000,
    "accuracy": 0.791,
    "n_correct": 791,
    "latency": {
      "mean": 2114814.604,
      "std": 14186.396435847231,
      "min": 2060651.0,
      "max": 2183060.0,
      "p50": 2115428.0,
      "p95": 2136344.7,
      "p99": 2151158.01,
      "n": 1000
    },
    "l1_bcast_us": {
      "mean": 3903.617,
      "std": 41.10681307376043,
      "min": 3539.0,
      "max": 4211.0,
      "p50": 3904.0,
      "p95": 3952.0,
      "p99": 3966.02,
      "n": 1000
    },
    "l1_gather_us": {
      "mean": 463249.23,
      "std": 13170.851407175236,
      "min": 403821.0,
      "max": 509027.0,
      "p50": 463505.5,
      "p95": 484010.4,
      "p99": 491629.26,
      "n": 1000
    },
    "l2_bcast_us": {
      "mean": 104892.887,
      "std": 2721.542650525549,
      "min": 101457.0,
      "max": 144680.0,
      "p50": 104827.5,
      "p95": 106129.1,
      "p99": 115015.69,
      "n": 1000
    },
    "l2_gather_us": {
      "mean": 733193.579,
      "std": 4141.593824261882,
      "min": 718778.0,
      "max": 754498.0,
      "p50": 733024.0,
      "p95": 739681.0,
      "p99": 744805.92,
      "n": 1000
    },
    "l3_bcast_us": {
      "mean": 13696.922,
      "std": 877.0293223993987,
      "min": 12951.0,
      "max": 22350.0,
      "p50": 13442.0,
      "p95": 15894.1,
      "p99": 16946.89,
      "n": 1000
    },
    "l3_gather_us": {
      "mean": 724409.554,
      "std": 2848.843417582283,
      "min": 718109.0,
      "max": 763506.0,
      "p50": 724208.0,
      "p95": 727943.25,
      "p99": 734905.66,
      "n": 1000
    },
    "per_class": {
      "airplane": {
        "total": 103,
        "correct": 80,
        "accuracy": 0.7766990291262136
      },
      "automobile": {
        "total": 89,
        "correct": 83,
        "accuracy": 0.9325842696629213
      },
      "bird": {
        "total": 100,
        "correct": 81,
        "accuracy": 0.81
      },
      "cat": {
        "total": 103,
        "correct": 62,
        "accuracy": 0.6019417475728155
      },
      "deer": {
        "total": 90,
        "correct": 62,
        "accuracy": 0.6888888888888889
      },
      "dog": {
        "total": 86,
        "correct": 54,
        "accuracy": 0.627906976744186
      },
      "frog": {
        "total": 112,
        "correct": 96,
        "accuracy": 0.8571428571428571
      },
      "horse": {
        "total": 102,
        "correct": 89,
        "accuracy": 0.8725490196078431
      },
      "ship": {
        "total": 106,
        "correct": 88,
        "accuracy": 0.8301886792452831
      },
      "truck": {
        "total": 109,
        "correct": 96,
        "accuracy": 0.8807339449541285
      }
    }
  }
}