{
  "meta": {
    "smoke": true,
    "n_eval": 40,
    "calibration": "activation ranges from x_test[:1000] (matches fix_quantize.py)",
    "modes": [
      "float32",
      "int8_per_tensor",
      "int8_per_channel"
    ],
    "per_channel": "symmetric per-output-channel weight scale; activations per-tensor",
    "note": "INT8 paths bit-exact with ESP32 firmware integer math"
  },
  "arch": {
    "fatcnn": {
      "bit_exact": true,
      "subsets": {
        "1k": {
          "n": 40,
          "acc_float32": 0.85,
          "acc_int8_per_tensor": 0.875,
          "acc_int8_per_channel": 0.85,
          "delta_f32_to_pt": 0.025000000000000022,
          "delta_pt_to_pc": -0.025000000000000022
        },
        "10k": {
          "n": 40,
          "acc_float32": 0.85,
          "acc_int8_per_tensor": 0.875,
          "acc_int8_per_channel": 0.85,
          "delta_f32_to_pt": 0.025000000000000022,
          "delta_pt_to_pc": -0.025000000000000022
        }
      },
      "per_layer": {
        "conv1": {
          "activation_real_range": [
            0.0,
            4.196296215057373
          ],
          "weight_real_range": [
            -0.6276440620422363,
            0.42432981729507446
          ],
          "output_scale": 0.016456063588460287,
          "output_zp": -128,
          "pt_weight_scale": 0.004125387762107101,
          "pt_weight_zp": 24,
          "pc_weight_scale_min": 0.0007271107169799507,
          "pc_weight_scale_max": 0.004942079074680805,
          "saturation_per_tensor": {
            "sat_hi_127": 0,
            "sat_lo_neg128": 1765435,
            "n_outputs": 2621440,
            "sat_frac": 0.6734600067138672
          },
          "saturation_per_channel": {
            "sat_hi_127": 0,
            "sat_lo_neg128": 1767651,
            "n_outputs": 2621440,
            "sat_frac": 0.6743053436279297
          }
        },
        "conv2": {
          "activation_real_range": [
            0.0,
            16.822589874267578
          ],
          "weight_real_range": [
            -1.0642478466033936,
            0.8672457337379456
          ],
          "output_scale": 0.06597094068340227,
          "output_zp": -128,
          "pt_weight_scale": 0.007574484628789565,
          "pt_weight_zp": 13,
          "pc_weight_scale_min": 0.0005701482878066599,
          "pc_weight_scale_max": 0.008379904553294182,
          "saturation_per_tensor": {
            "sat_hi_127": 0,
            "sat_lo_neg128": 1160752,
            "n_outputs": 1310720,
            "sat_frac": 0.88558349609375
          },
          "saturation_per_channel": {
            "sat_hi_127": 0,
            "sat_lo_neg128": 1160192,
            "n_outputs": 1310720,
            "sat_frac": 0.88515625
          }
        },
        "conv3": {
          "activation_real_range": [
            0.0,
            30.012248992919922
          ],
          "weight_real_range": [
            -1.4623738527297974,
            0.6515892148017883
          ],
          "output_scale": 0.11769509408988205,
          "output_zp": -128,
          "pt_weight_scale": 0.008290051245221905,
          "pt_weight_zp": 48,
          "pc_weight_scale_min": 0.00044089523726142943,
          "pc_weight_scale_max": 0.011514754965901375,
          "saturation_per_tensor": {
            "sat_hi_127": 0,
            "sat_lo_neg128": 586263,
            "n_outputs": 655360,
            "sat_frac": 0.8945663452148438
          },
          "saturation_per_channel": {
            "sat_hi_127": 0,
            "sat_lo_neg128": 586198,
            "n_outputs": 655360,
            "sat_frac": 0.8944671630859375
          }
        }
      }
    },
    "fatcnn_lite": {
      "bit_exact": true,
      "subsets": {
        "1k": {
          "n": 40,
          "acc_float32": 0.825,
          "acc_int8_per_tensor": 0.8,
          "acc_int8_per_channel": 0.8,
          "delta_f32_to_pt": -0.02499999999999991,
          "delta_pt_to_pc": 0.0
        },
        "10k": {
          "n": 40,
          "acc_float32": 0.825,
          "acc_int8_per_tensor": 0.8,
          "acc_int8_per_channel": 0.8,
          "delta_f32_to_pt": -0.02499999999999991,
          "delta_pt_to_pc": 0.0
        }
      },
      "per_layer": {
        "conv1": {
          "activation_real_range": [
            0.0,
            3.436208724975586
          ],
          "weight_real_range": [
            -0.4831678867340088,
            0.36339226365089417
          ],
          "output_scale": 0.013475328333237592,
          "output_zp": -128,
          "pt_weight_scale": 0.0033198437269996196,
          "pt_weight_zp": 18,
          "pc_weight_scale_min": 0.0007498154882341623,
          "pc_weight_scale_max": 0.0038044715765863657,
          "saturation_per_tensor": {
            "sat_hi_127": 0,
            "sat_lo_neg128": 740088,
            "n_outputs": 1310720,
            "sat_frac": 0.564642333984375
          },
          "saturation_per_channel": {
            "sat_hi_127": 0,
            "sat_lo_neg128": 741865,
            "n_outputs": 1310720,
            "sat_frac": 0.5659980773925781
          }
        },
        "conv2": {
          "activation_real_range": [
            0.0,
            9.856108665466309
          ],
          "weight_real_range": [
            -1.5062532424926758,
            0.736515998840332
          ],
          "output_scale": 0.038651406531240426,
          "output_zp": -128,
          "pt_weight_scale": 0.00879517349542356,
          "pt_weight_zp": 43,
          "pc_weight_scale_min": 0.0009017304400913417,
          "pc_weight_scale_max": 0.011860261671245098,
          "saturation_per_tensor": {
            "sat_hi_127": 0,
            "sat_lo_neg128": 515741,
            "n_outputs": 655360,
            "sat_frac": 0.7869583129882812
          },
          "saturation_per_channel": {
            "sat_hi_127": 0,
            "sat_lo_neg128": 515042,
            "n_outputs": 655360,
            "sat_frac": 0.7858917236328125
          }
        },
        "conv3": {
          "activation_real_range": [
            0.0,
            24.840024948120117
          ],
          "weight_real_range": [
            -1.7516993284225464,
            0.7707622647285461
          ],
          "output_scale": 0.09741186254164752,
          "output_zp": -128,
          "pt_weight_scale": 0.009892006247651344,
          "pt_weight_zp": 49,
          "pc_weight_scale_min": 0.0007029559928923845,
          "pc_weight_scale_max": 0.013792907819151878,
          "saturation_per_tensor": {
            "sat_hi_127": 0,
            "sat_lo_neg128": 269256,
            "n_outputs": 327680,
            "sat_frac": 0.8217041015625
          },
          "saturation_per_channel": {
            "sat_hi_127": 0,
            "sat_lo_neg128": 269263,
            "n_outputs": 327680,
            "sat_frac": 0.8217254638671875
          }
        }
      }
    }
  }
}